{
  "project_info": {
    "project_number": "483446824756",
    "project_id": "fashion24-delivery-man",
    "storage_bucket": "fashion24-delivery-man.firebasestorage.app"
  },
  "client": [
    {
      "client_info": {
        "mobilesdk_app_id": "1:483446824756:android:caf218be6b66de34708f61",
        "android_client_info": {
          "package_name": "com.bikinaplikasi.fashion24.deliveryman"
        }
      },
      "oauth_client": [],
      "api_key": [
        {
          "current_key": "AIzaSyCT2_b6tVvU6jGsXkgLA2Vgwcy2gVHaECk"
        }
      ],
      "services": {
        "appinvite_service": {
          "other_platform_oauth_client": []
        }
      }
    }
  ],
  "configuration_version": "1"
}